<?xml version="1.0" encoding="UTF-8"?>
<config xmlns="http://www.knime.org/2008/09/XMLConfig" xmlns:xsi="http://www.w3.org/2001/XMLSchema-instance" xsi:schemaLocation="http://www.knime.org/2008/09/XMLConfig http://www.knime.org/XMLConfig_2008_09.xsd" key="MiningSchema">
    <config key="learning">
        <entry key="array-size" type="xint" value="11"/>
        <entry key="0" type="xstring" value="Gender"/>
        <entry key="1" type="xstring" value="Hx Radiothreapy"/>
        <entry key="2" type="xstring" value="Adenopathy"/>
        <entry key="3" type="xstring" value="Pathology"/>
        <entry key="4" type="xstring" value="Focality"/>
        <entry key="5" type="xstring" value="Risk"/>
        <entry key="6" type="xstring" value="T"/>
        <entry key="7" type="xstring" value="N"/>
        <entry key="8" type="xstring" value="M"/>
        <entry key="9" type="xstring" value="Stage"/>
        <entry key="10" type="xstring" value="Response"/>
    </config>
    <config key="target">
        <entry key="array-size" type="xint" value="1"/>
        <entry key="0" type="xstring" value="Recurred"/>
    </config>
</config>
